GM12878,E2F4,Single,https://www.encodeproject.org/files/ENCFF285WSG/@@download/ENCFF285WSG.bam,https://www.encodeproject.org/files/ENCFF433PFN/@@download/ENCFF433PFN.bed.gz
GM12878,E2F4,Single,https://www.encodeproject.org/files/ENCFF960CBP/@@download/ENCFF960CBP.bam,https://www.encodeproject.org/files/ENCFF433PFN/@@download/ENCFF433PFN.bed.gz
GM12878,NR2F1,Paired,https://www.encodeproject.org/files/ENCFF285ESK/@@download/ENCFF285ESK.bam,https://www.encodeproject.org/files/ENCFF810CEL/@@download/ENCFF810CEL.bed.gz
GM12878,NR2F1,Paired,https://www.encodeproject.org/files/ENCFF431YXJ/@@download/ENCFF431YXJ.bam,https://www.encodeproject.org/files/ENCFF810CEL/@@download/ENCFF810CEL.bed.gz
GM12878,USF2,Single,https://www.encodeproject.org/files/ENCFF854MYU/@@download/ENCFF854MYU.bam,https://www.encodeproject.org/files/ENCFF372DRC/@@download/ENCFF372DRC.bed.gz
GM12878,USF2,Single,https://www.encodeproject.org/files/ENCFF848OVF/@@download/ENCFF848OVF.bam,https://www.encodeproject.org/files/ENCFF372DRC/@@download/ENCFF372DRC.bed.gz
GM12878,TBP,Single,https://www.encodeproject.org/files/ENCFF641CUP/@@download/ENCFF641CUP.bam,https://www.encodeproject.org/files/ENCFF490VYC/@@download/ENCFF490VYC.bed.gz
GM12878,TBP,Single,https://www.encodeproject.org/files/ENCFF096FSP/@@download/ENCFF096FSP.bam,https://www.encodeproject.org/files/ENCFF490VYC/@@download/ENCFF490VYC.bed.gz
GM12878,ZNF217,Paired,https://www.encodeproject.org/files/ENCFF190SRK/@@download/ENCFF190SRK.bam,https://www.encodeproject.org/files/ENCFF513RIQ/@@download/ENCFF513RIQ.bed.gz
GM12878,ZNF217,Paired,https://www.encodeproject.org/files/ENCFF703YIF/@@download/ENCFF703YIF.bam,https://www.encodeproject.org/files/ENCFF513RIQ/@@download/ENCFF513RIQ.bed.gz
GM12878,ZBTB33,Single,https://www.encodeproject.org/files/ENCFF776FZQ/@@download/ENCFF776FZQ.bam,https://www.encodeproject.org/files/ENCFF394CWJ/@@download/ENCFF394CWJ.bed.gz
GM12878,ZBTB33,Single,https://www.encodeproject.org/files/ENCFF643YAD/@@download/ENCFF643YAD.bam,https://www.encodeproject.org/files/ENCFF394CWJ/@@download/ENCFF394CWJ.bed.gz
GM12878,POLR2A,Single,https://www.encodeproject.org/files/ENCFF673EZL/@@download/ENCFF673EZL.bam,https://www.encodeproject.org/files/ENCFF002DAK/@@download/ENCFF002DAK.bed.gz
GM12878,POLR2A,Single,https://www.encodeproject.org/files/ENCFF769YCE/@@download/ENCFF769YCE.bam,https://www.encodeproject.org/files/ENCFF002DAK/@@download/ENCFF002DAK.bed.gz
GM12878,MYB,Single,https://www.encodeproject.org/files/ENCFF870DTP/@@download/ENCFF870DTP.bam,https://www.encodeproject.org/files/ENCFF103IOJ/@@download/ENCFF103IOJ.bed.gz
GM12878,MYB,Single,https://www.encodeproject.org/files/ENCFF500UBO/@@download/ENCFF500UBO.bam,https://www.encodeproject.org/files/ENCFF103IOJ/@@download/ENCFF103IOJ.bed.gz
GM12878,NR2C2,Single,https://www.encodeproject.org/files/ENCFF123VIR/@@download/ENCFF123VIR.bam,https://www.encodeproject.org/files/ENCFF721FTG/@@download/ENCFF721FTG.bed.gz
GM12878,NR2C2,Single,https://www.encodeproject.org/files/ENCFF817KGL/@@download/ENCFF817KGL.bam,https://www.encodeproject.org/files/ENCFF721FTG/@@download/ENCFF721FTG.bed.gz
GM12878,PML,Single,https://www.encodeproject.org/files/ENCFF338SSL/@@download/ENCFF338SSL.bam,https://www.encodeproject.org/files/ENCFF002CHM/@@download/ENCFF002CHM.bed.gz
GM12878,PML,Single,https://www.encodeproject.org/files/ENCFF356TGQ/@@download/ENCFF356TGQ.bam,https://www.encodeproject.org/files/ENCFF002CHM/@@download/ENCFF002CHM.bed.gz
GM12878,ZNF687,Paired,https://www.encodeproject.org/files/ENCFF490DDO/@@download/ENCFF490DDO.bam,https://www.encodeproject.org/files/ENCFF643OWO/@@download/ENCFF643OWO.bed.gz
GM12878,ZNF687,Paired,https://www.encodeproject.org/files/ENCFF808DKU/@@download/ENCFF808DKU.bam,https://www.encodeproject.org/files/ENCFF643OWO/@@download/ENCFF643OWO.bed.gz
GM12878,KLF5,Paired,https://www.encodeproject.org/files/ENCFF362UKM/@@download/ENCFF362UKM.bam,https://www.encodeproject.org/files/ENCFF827ZLB/@@download/ENCFF827ZLB.bed.gz
GM12878,KLF5,Paired,https://www.encodeproject.org/files/ENCFF526WJF/@@download/ENCFF526WJF.bam,https://www.encodeproject.org/files/ENCFF827ZLB/@@download/ENCFF827ZLB.bed.gz
GM12878,YY1,Single,https://www.encodeproject.org/files/ENCFF481GPP/@@download/ENCFF481GPP.bam,https://www.encodeproject.org/files/ENCFF002CPV/@@download/ENCFF002CPV.bed.gz
GM12878,ZZZ3,Single,https://www.encodeproject.org/files/ENCFF380FAI/@@download/ENCFF380FAI.bam,https://www.encodeproject.org/files/ENCFF310XJC/@@download/ENCFF310XJC.bed.gz
GM12878,ZZZ3,Single,https://www.encodeproject.org/files/ENCFF540GCE/@@download/ENCFF540GCE.bam,https://www.encodeproject.org/files/ENCFF310XJC/@@download/ENCFF310XJC.bed.gz
GM12878,HDAC2,Single,https://www.encodeproject.org/files/ENCFF312DFB/@@download/ENCFF312DFB.bam,https://www.encodeproject.org/files/ENCFF107UHX/@@download/ENCFF107UHX.bed.gz
GM12878,HDAC2,Single,https://www.encodeproject.org/files/ENCFF909TCN/@@download/ENCFF909TCN.bam,https://www.encodeproject.org/files/ENCFF107UHX/@@download/ENCFF107UHX.bed.gz
GM12878,TCF7,Single,https://www.encodeproject.org/files/ENCFF943VWM/@@download/ENCFF943VWM.bam,https://www.encodeproject.org/files/ENCFF305ICK/@@download/ENCFF305ICK.bed.gz
GM12878,TCF7,Single,https://www.encodeproject.org/files/ENCFF856LVF/@@download/ENCFF856LVF.bam,https://www.encodeproject.org/files/ENCFF305ICK/@@download/ENCFF305ICK.bed.gz
GM12878,EP300,Single,https://www.encodeproject.org/files/ENCFF410XFU/@@download/ENCFF410XFU.bam,https://www.encodeproject.org/files/ENCFF222XPQ/@@download/ENCFF222XPQ.bed.gz
GM12878,EP300,Single,https://www.encodeproject.org/files/ENCFF344EBI/@@download/ENCFF344EBI.bam,https://www.encodeproject.org/files/ENCFF222XPQ/@@download/ENCFF222XPQ.bed.gz
GM12878,RUNX3,Single,https://www.encodeproject.org/files/ENCFF274RRW/@@download/ENCFF274RRW.bam,https://www.encodeproject.org/files/ENCFF248QFF/@@download/ENCFF248QFF.bed.gz
GM12878,RUNX3,Single,https://www.encodeproject.org/files/ENCFF102ABY/@@download/ENCFF102ABY.bam,https://www.encodeproject.org/files/ENCFF248QFF/@@download/ENCFF248QFF.bed.gz
GM12878,MXI1,Single,https://www.encodeproject.org/files/ENCFF305VDY/@@download/ENCFF305VDY.bam,https://www.encodeproject.org/files/ENCFF079ZWK/@@download/ENCFF079ZWK.bed.gz
GM12878,MXI1,Single,https://www.encodeproject.org/files/ENCFF128IWG/@@download/ENCFF128IWG.bam,https://www.encodeproject.org/files/ENCFF079ZWK/@@download/ENCFF079ZWK.bed.gz
GM12878,TBL1XR1,Single,https://www.encodeproject.org/files/ENCFF444FLD/@@download/ENCFF444FLD.bam,https://www.encodeproject.org/files/ENCFF957YRU/@@download/ENCFF957YRU.bed.gz
GM12878,TBL1XR1,Single,https://www.encodeproject.org/files/ENCFF644ZOB/@@download/ENCFF644ZOB.bam,https://www.encodeproject.org/files/ENCFF957YRU/@@download/ENCFF957YRU.bed.gz
GM12878,SMAD1,Paired,https://www.encodeproject.org/files/ENCFF445ZWE/@@download/ENCFF445ZWE.bam,https://www.encodeproject.org/files/ENCFF632MBO/@@download/ENCFF632MBO.bed.gz
GM12878,SMAD1,Paired,https://www.encodeproject.org/files/ENCFF575SRZ/@@download/ENCFF575SRZ.bam,https://www.encodeproject.org/files/ENCFF632MBO/@@download/ENCFF632MBO.bed.gz
GM12878,CREM,Single,https://www.encodeproject.org/files/ENCFF193PTK/@@download/ENCFF193PTK.bam,https://www.encodeproject.org/files/ENCFF534CKB/@@download/ENCFF534CKB.bed.gz
GM12878,CREM,Single,https://www.encodeproject.org/files/ENCFF045MGB/@@download/ENCFF045MGB.bam,https://www.encodeproject.org/files/ENCFF534CKB/@@download/ENCFF534CKB.bed.gz
GM12878,HCFC1,Single,https://www.encodeproject.org/files/ENCFF664WOZ/@@download/ENCFF664WOZ.bam,https://www.encodeproject.org/files/ENCFF895YBG/@@download/ENCFF895YBG.bed.gz
GM12878,HCFC1,Single,https://www.encodeproject.org/files/ENCFF102UZW/@@download/ENCFF102UZW.bam,https://www.encodeproject.org/files/ENCFF895YBG/@@download/ENCFF895YBG.bed.gz
GM12878,KDM1A,Single,https://www.encodeproject.org/files/ENCFF096UHS/@@download/ENCFF096UHS.bam,https://www.encodeproject.org/files/ENCFF996RRT/@@download/ENCFF996RRT.bed.gz
GM12878,KDM1A,Single,https://www.encodeproject.org/files/ENCFF480CIF/@@download/ENCFF480CIF.bam,https://www.encodeproject.org/files/ENCFF996RRT/@@download/ENCFF996RRT.bed.gz
GM12878,USF1,Single,https://www.encodeproject.org/files/ENCFF798UJL/@@download/ENCFF798UJL.bam,https://www.encodeproject.org/files/ENCFF805GKD/@@download/ENCFF805GKD.bed.gz
GM12878,USF1,Single,https://www.encodeproject.org/files/ENCFF845IBA/@@download/ENCFF845IBA.bam,https://www.encodeproject.org/files/ENCFF805GKD/@@download/ENCFF805GKD.bed.gz
GM12878,IKZF1,Paired,https://www.encodeproject.org/files/ENCFF588PRI/@@download/ENCFF588PRI.bam,https://www.encodeproject.org/files/ENCFF809OOE/@@download/ENCFF809OOE.bed.gz
GM12878,IKZF1,Paired,https://www.encodeproject.org/files/ENCFF778KDH/@@download/ENCFF778KDH.bam,https://www.encodeproject.org/files/ENCFF809OOE/@@download/ENCFF809OOE.bed.gz
GM12878,POLR2A,Single,https://www.encodeproject.org/files/ENCFF020RXG/@@download/ENCFF020RXG.bam,https://www.encodeproject.org/files/ENCFF120VUT/@@download/ENCFF120VUT.bed.gz
GM12878,POLR2A,Single,https://www.encodeproject.org/files/ENCFF726CVN/@@download/ENCFF726CVN.bam,https://www.encodeproject.org/files/ENCFF120VUT/@@download/ENCFF120VUT.bed.gz
GM12878,SMARCA5,Paired,https://www.encodeproject.org/files/ENCFF815TDC/@@download/ENCFF815TDC.bam,https://www.encodeproject.org/files/ENCFF478DRD/@@download/ENCFF478DRD.bed.gz
GM12878,SMARCA5,Paired,https://www.encodeproject.org/files/ENCFF271DGV/@@download/ENCFF271DGV.bam,https://www.encodeproject.org/files/ENCFF478DRD/@@download/ENCFF478DRD.bed.gz
GM12878,CHD4,Single,https://www.encodeproject.org/files/ENCFF550ZBF/@@download/ENCFF550ZBF.bam,https://www.encodeproject.org/files/ENCFF499ZPP/@@download/ENCFF499ZPP.bed.gz
GM12878,CHD4,Single,https://www.encodeproject.org/files/ENCFF136DQN/@@download/ENCFF136DQN.bam,https://www.encodeproject.org/files/ENCFF499ZPP/@@download/ENCFF499ZPP.bed.gz
GM12878,NFXL1,Paired,https://www.encodeproject.org/files/ENCFF938PVW/@@download/ENCFF938PVW.bam,https://www.encodeproject.org/files/ENCFF166FRO/@@download/ENCFF166FRO.bed.gz
GM12878,NFXL1,Paired,https://www.encodeproject.org/files/ENCFF771QRJ/@@download/ENCFF771QRJ.bam,https://www.encodeproject.org/files/ENCFF166FRO/@@download/ENCFF166FRO.bed.gz
GM12878,ZSCAN29,Paired,https://www.encodeproject.org/files/ENCFF013EUB/@@download/ENCFF013EUB.bam,https://www.encodeproject.org/files/ENCFF455HXN/@@download/ENCFF455HXN.bed.gz
GM12878,ZSCAN29,Paired,https://www.encodeproject.org/files/ENCFF685TVP/@@download/ENCFF685TVP.bam,https://www.encodeproject.org/files/ENCFF455HXN/@@download/ENCFF455HXN.bed.gz
GM12878,BHLHE40,Single,https://www.encodeproject.org/files/ENCFF093KIS/@@download/ENCFF093KIS.bam,https://www.encodeproject.org/files/ENCFF853SOB/@@download/ENCFF853SOB.bed.gz
GM12878,BHLHE40,Single,https://www.encodeproject.org/files/ENCFF175DHS/@@download/ENCFF175DHS.bam,https://www.encodeproject.org/files/ENCFF853SOB/@@download/ENCFF853SOB.bed.gz
GM12878,ZNF143,Paired,https://www.encodeproject.org/files/ENCFF026HDJ/@@download/ENCFF026HDJ.bam,https://www.encodeproject.org/files/ENCFF544NXC/@@download/ENCFF544NXC.bed.gz
GM12878,ZNF143,Paired,https://www.encodeproject.org/files/ENCFF587PAV/@@download/ENCFF587PAV.bam,https://www.encodeproject.org/files/ENCFF544NXC/@@download/ENCFF544NXC.bed.gz
GM12878,SPI1,Single,https://www.encodeproject.org/files/ENCFF395MZI/@@download/ENCFF395MZI.bam,https://www.encodeproject.org/files/ENCFF306SRV/@@download/ENCFF306SRV.bed.gz
GM12878,SPI1,Single,https://www.encodeproject.org/files/ENCFF829GYW/@@download/ENCFF829GYW.bam,https://www.encodeproject.org/files/ENCFF306SRV/@@download/ENCFF306SRV.bed.gz
GM12878,EED,Single,https://www.encodeproject.org/files/ENCFF398MUP/@@download/ENCFF398MUP.bam,https://www.encodeproject.org/files/ENCFF242VUO/@@download/ENCFF242VUO.bed.gz
GM12878,EED,Single,https://www.encodeproject.org/files/ENCFF219DUV/@@download/ENCFF219DUV.bam,https://www.encodeproject.org/files/ENCFF242VUO/@@download/ENCFF242VUO.bed.gz
GM12878,PKNOX1,Paired,https://www.encodeproject.org/files/ENCFF856WGT/@@download/ENCFF856WGT.bam,https://www.encodeproject.org/files/ENCFF020GMZ/@@download/ENCFF020GMZ.bed.gz
GM12878,PKNOX1,Paired,https://www.encodeproject.org/files/ENCFF627EOF/@@download/ENCFF627EOF.bam,https://www.encodeproject.org/files/ENCFF020GMZ/@@download/ENCFF020GMZ.bed.gz
GM12878,TBX21,Paired,https://www.encodeproject.org/files/ENCFF360YAQ/@@download/ENCFF360YAQ.bam,https://www.encodeproject.org/files/ENCFF405NFV/@@download/ENCFF405NFV.bed.gz
GM12878,TBX21,Paired,https://www.encodeproject.org/files/ENCFF838KAW/@@download/ENCFF838KAW.bam,https://www.encodeproject.org/files/ENCFF405NFV/@@download/ENCFF405NFV.bed.gz
GM12878,EZH2,Single,https://www.encodeproject.org/files/ENCFF916AYY/@@download/ENCFF916AYY.bam,https://www.encodeproject.org/files/ENCFF678JII/@@download/ENCFF678JII.bed.gz
GM12878,EZH2,Single,https://www.encodeproject.org/files/ENCFF639DUN/@@download/ENCFF639DUN.bam,https://www.encodeproject.org/files/ENCFF678JII/@@download/ENCFF678JII.bed.gz
GM12878,SMC3,Single,https://www.encodeproject.org/files/ENCFF784URN/@@download/ENCFF784URN.bam,https://www.encodeproject.org/files/ENCFF686FLD/@@download/ENCFF686FLD.bed.gz
GM12878,SMC3,Single,https://www.encodeproject.org/files/ENCFF243VQR/@@download/ENCFF243VQR.bam,https://www.encodeproject.org/files/ENCFF686FLD/@@download/ENCFF686FLD.bed.gz
GM12878,ATF7,Paired,https://www.encodeproject.org/files/ENCFF049KIT/@@download/ENCFF049KIT.bam,https://www.encodeproject.org/files/ENCFF726VEK/@@download/ENCFF726VEK.bed.gz
GM12878,ATF7,Paired,https://www.encodeproject.org/files/ENCFF312AHI/@@download/ENCFF312AHI.bam,https://www.encodeproject.org/files/ENCFF726VEK/@@download/ENCFF726VEK.bed.gz
GM12878,POLR2A,Single,https://www.encodeproject.org/files/ENCFF108FQI/@@download/ENCFF108FQI.bam,https://www.encodeproject.org/files/ENCFF002CPG/@@download/ENCFF002CPG.bed.gz
GM12878,POLR2A,Single,https://www.encodeproject.org/files/ENCFF754VIZ/@@download/ENCFF754VIZ.bam,https://www.encodeproject.org/files/ENCFF002CPG/@@download/ENCFF002CPG.bed.gz
GM12878,POLR2A,Single,https://www.encodeproject.org/files/ENCFF987KRO/@@download/ENCFF987KRO.bam,https://www.encodeproject.org/files/ENCFF002CPG/@@download/ENCFF002CPG.bed.gz
GM12878,POLR2A,Single,https://www.encodeproject.org/files/ENCFF976IKR/@@download/ENCFF976IKR.bam,https://www.encodeproject.org/files/ENCFF002CPG/@@download/ENCFF002CPG.bed.gz
GM12878,POLR2A,Single,https://www.encodeproject.org/files/ENCFF299JMF/@@download/ENCFF299JMF.bam,https://www.encodeproject.org/files/ENCFF002CPG/@@download/ENCFF002CPG.bed.gz
GM12878,BMI1,Paired,https://www.encodeproject.org/files/ENCFF512BNR/@@download/ENCFF512BNR.bam,https://www.encodeproject.org/files/ENCFF809PXE/@@download/ENCFF809PXE.bed.gz
GM12878,BMI1,Paired,https://www.encodeproject.org/files/ENCFF963OQY/@@download/ENCFF963OQY.bam,https://www.encodeproject.org/files/ENCFF809PXE/@@download/ENCFF809PXE.bed.gz
GM12878,RB1,Paired,https://www.encodeproject.org/files/ENCFF470PZL/@@download/ENCFF470PZL.bam,https://www.encodeproject.org/files/ENCFF601XVA/@@download/ENCFF601XVA.bed.gz
GM12878,RB1,Paired,https://www.encodeproject.org/files/ENCFF831TJK/@@download/ENCFF831TJK.bam,https://www.encodeproject.org/files/ENCFF601XVA/@@download/ENCFF601XVA.bed.gz
GM12878,RCOR1,Single,https://www.encodeproject.org/files/ENCFF934EQK/@@download/ENCFF934EQK.bam,https://www.encodeproject.org/files/ENCFF898MUV/@@download/ENCFF898MUV.bed.gz
GM12878,RCOR1,Single,https://www.encodeproject.org/files/ENCFF489JLD/@@download/ENCFF489JLD.bam,https://www.encodeproject.org/files/ENCFF898MUV/@@download/ENCFF898MUV.bed.gz
GM12878,E2F8,Paired,https://www.encodeproject.org/files/ENCFF799NXM/@@download/ENCFF799NXM.bam,https://www.encodeproject.org/files/ENCFF063WXY/@@download/ENCFF063WXY.bed.gz
GM12878,E2F8,Paired,https://www.encodeproject.org/files/ENCFF907DJE/@@download/ENCFF907DJE.bam,https://www.encodeproject.org/files/ENCFF063WXY/@@download/ENCFF063WXY.bed.gz
GM12878,TRIM22,Paired,https://www.encodeproject.org/files/ENCFF429YLD/@@download/ENCFF429YLD.bam,https://www.encodeproject.org/files/ENCFF735XQT/@@download/ENCFF735XQT.bed.gz
GM12878,TRIM22,Paired,https://www.encodeproject.org/files/ENCFF095HVO/@@download/ENCFF095HVO.bam,https://www.encodeproject.org/files/ENCFF735XQT/@@download/ENCFF735XQT.bed.gz
GM12878,FOXM1,Single,https://www.encodeproject.org/files/ENCFF052ESD/@@download/ENCFF052ESD.bam,https://www.encodeproject.org/files/ENCFF002CGZ/@@download/ENCFF002CGZ.bed.gz
GM12878,FOXM1,Single,https://www.encodeproject.org/files/ENCFF077ZJA/@@download/ENCFF077ZJA.bam,https://www.encodeproject.org/files/ENCFF002CGZ/@@download/ENCFF002CGZ.bed.gz
GM12878,IRF5,Paired,https://www.encodeproject.org/files/ENCFF495FWL/@@download/ENCFF495FWL.bam,https://www.encodeproject.org/files/ENCFF100ERQ/@@download/ENCFF100ERQ.bed.gz
GM12878,IRF5,Paired,https://www.encodeproject.org/files/ENCFF104XBJ/@@download/ENCFF104XBJ.bam,https://www.encodeproject.org/files/ENCFF100ERQ/@@download/ENCFF100ERQ.bed.gz
GM12878,MAZ,Single,https://www.encodeproject.org/files/ENCFF308ZET/@@download/ENCFF308ZET.bam,https://www.encodeproject.org/files/ENCFF066XDW/@@download/ENCFF066XDW.bed.gz
GM12878,MAZ,Single,https://www.encodeproject.org/files/ENCFF962MLT/@@download/ENCFF962MLT.bam,https://www.encodeproject.org/files/ENCFF066XDW/@@download/ENCFF066XDW.bed.gz
GM12878,CHD1,Single,https://www.encodeproject.org/files/ENCFF850KRW/@@download/ENCFF850KRW.bam,https://www.encodeproject.org/files/ENCFF273ULT/@@download/ENCFF273ULT.bed.gz
GM12878,CHD1,Single,https://www.encodeproject.org/files/ENCFF560OFM/@@download/ENCFF560OFM.bam,https://www.encodeproject.org/files/ENCFF273ULT/@@download/ENCFF273ULT.bed.gz
GM12878,JUND,Single,https://www.encodeproject.org/files/ENCFF425XHS/@@download/ENCFF425XHS.bam,https://www.encodeproject.org/files/ENCFF556PIY/@@download/ENCFF556PIY.bed.gz
GM12878,JUND,Single,https://www.encodeproject.org/files/ENCFF860UYK/@@download/ENCFF860UYK.bam,https://www.encodeproject.org/files/ENCFF556PIY/@@download/ENCFF556PIY.bed.gz
GM12878,CBX5,Single,https://www.encodeproject.org/files/ENCFF389CJX/@@download/ENCFF389CJX.bam,https://www.encodeproject.org/files/ENCFF420YHY/@@download/ENCFF420YHY.bed.gz
GM12878,CBX5,Single,https://www.encodeproject.org/files/ENCFF669GJB/@@download/ENCFF669GJB.bam,https://www.encodeproject.org/files/ENCFF420YHY/@@download/ENCFF420YHY.bed.gz
GM12878,ZNF143,Single,https://www.encodeproject.org/files/ENCFF790BKQ/@@download/ENCFF790BKQ.bam,https://www.encodeproject.org/files/ENCFF141SAU/@@download/ENCFF141SAU.bed.gz
GM12878,ZNF143,Single,https://www.encodeproject.org/files/ENCFF530MSA/@@download/ENCFF530MSA.bam,https://www.encodeproject.org/files/ENCFF141SAU/@@download/ENCFF141SAU.bed.gz
GM12878,STAT5A,Single,https://www.encodeproject.org/files/ENCFF983VNV/@@download/ENCFF983VNV.bam,https://www.encodeproject.org/files/ENCFF492YMU/@@download/ENCFF492YMU.bed.gz
GM12878,STAT5A,Single,https://www.encodeproject.org/files/ENCFF023ZGL/@@download/ENCFF023ZGL.bam,https://www.encodeproject.org/files/ENCFF492YMU/@@download/ENCFF492YMU.bed.gz
GM12878,FOXK2,Paired,https://www.encodeproject.org/files/ENCFF403HEO/@@download/ENCFF403HEO.bam,https://www.encodeproject.org/files/ENCFF980KSV/@@download/ENCFF980KSV.bed.gz
GM12878,FOXK2,Paired,https://www.encodeproject.org/files/ENCFF343TNY/@@download/ENCFF343TNY.bam,https://www.encodeproject.org/files/ENCFF980KSV/@@download/ENCFF980KSV.bed.gz
GM12878,YY1,Single,https://www.encodeproject.org/files/ENCFF975UGB/@@download/ENCFF975UGB.bam,https://www.encodeproject.org/files/ENCFF967ACD/@@download/ENCFF967ACD.bed.gz
GM12878,YY1,Single,https://www.encodeproject.org/files/ENCFF448GPH/@@download/ENCFF448GPH.bam,https://www.encodeproject.org/files/ENCFF967ACD/@@download/ENCFF967ACD.bed.gz
GM12878,NFATC3,Paired,https://www.encodeproject.org/files/ENCFF334IYA/@@download/ENCFF334IYA.bam,https://www.encodeproject.org/files/ENCFF704ZYN/@@download/ENCFF704ZYN.bed.gz
GM12878,NFATC3,Paired,https://www.encodeproject.org/files/ENCFF254KPP/@@download/ENCFF254KPP.bam,https://www.encodeproject.org/files/ENCFF704ZYN/@@download/ENCFF704ZYN.bed.gz
GM12878,RAD51,Paired,https://www.encodeproject.org/files/ENCFF002ICQ/@@download/ENCFF002ICQ.bam,https://www.encodeproject.org/files/ENCFF445UJF/@@download/ENCFF445UJF.bed.gz
GM12878,RAD51,Paired,https://www.encodeproject.org/files/ENCFF843DWJ/@@download/ENCFF843DWJ.bam,https://www.encodeproject.org/files/ENCFF445UJF/@@download/ENCFF445UJF.bed.gz
GM12878,TCF3,Single,https://www.encodeproject.org/files/ENCFF042PES/@@download/ENCFF042PES.bam,https://www.encodeproject.org/files/ENCFF002CIA/@@download/ENCFF002CIA.bed.gz
GM12878,TCF3,Single,https://www.encodeproject.org/files/ENCFF698CID/@@download/ENCFF698CID.bam,https://www.encodeproject.org/files/ENCFF002CIA/@@download/ENCFF002CIA.bed.gz
GM12878,SKIL,Paired,https://www.encodeproject.org/files/ENCFF055PTG/@@download/ENCFF055PTG.bam,https://www.encodeproject.org/files/ENCFF142EVF/@@download/ENCFF142EVF.bed.gz
GM12878,SKIL,Paired,https://www.encodeproject.org/files/ENCFF472SWE/@@download/ENCFF472SWE.bam,https://www.encodeproject.org/files/ENCFF142EVF/@@download/ENCFF142EVF.bed.gz
GM12878,TARDBP,Paired,https://www.encodeproject.org/files/ENCFF673WUM/@@download/ENCFF673WUM.bam,https://www.encodeproject.org/files/ENCFF733UTZ/@@download/ENCFF733UTZ.bed.gz
GM12878,TARDBP,Paired,https://www.encodeproject.org/files/ENCFF659OTN/@@download/ENCFF659OTN.bam,https://www.encodeproject.org/files/ENCFF733UTZ/@@download/ENCFF733UTZ.bed.gz
GM12878,BCLAF1,Single,https://www.encodeproject.org/files/ENCFF662GDH/@@download/ENCFF662GDH.bam,https://www.encodeproject.org/files/ENCFF563QBC/@@download/ENCFF563QBC.bed.gz
GM12878,BCLAF1,Single,https://www.encodeproject.org/files/ENCFF800ZBG/@@download/ENCFF800ZBG.bam,https://www.encodeproject.org/files/ENCFF563QBC/@@download/ENCFF563QBC.bed.gz
GM12878,MAFK,Single,https://www.encodeproject.org/files/ENCFF469MLY/@@download/ENCFF469MLY.bam,https://www.encodeproject.org/files/ENCFF689AXJ/@@download/ENCFF689AXJ.bed.gz
GM12878,MAFK,Single,https://www.encodeproject.org/files/ENCFF271GYL/@@download/ENCFF271GYL.bam,https://www.encodeproject.org/files/ENCFF689AXJ/@@download/ENCFF689AXJ.bed.gz
GM12878,CHD2,Single,https://www.encodeproject.org/files/ENCFF682RBP/@@download/ENCFF682RBP.bam,https://www.encodeproject.org/files/ENCFF712GLE/@@download/ENCFF712GLE.bed.gz
GM12878,CHD2,Single,https://www.encodeproject.org/files/ENCFF166KHW/@@download/ENCFF166KHW.bam,https://www.encodeproject.org/files/ENCFF712GLE/@@download/ENCFF712GLE.bed.gz
GM12878,BCL11A,Single,https://www.encodeproject.org/files/ENCFF481NAE/@@download/ENCFF481NAE.bam,https://www.encodeproject.org/files/ENCFF468MFY/@@download/ENCFF468MFY.bed.gz
GM12878,BCL11A,Single,https://www.encodeproject.org/files/ENCFF264DVB/@@download/ENCFF264DVB.bam,https://www.encodeproject.org/files/ENCFF468MFY/@@download/ENCFF468MFY.bed.gz
GM12878,BATF,Single,https://www.encodeproject.org/files/ENCFF346GCD/@@download/ENCFF346GCD.bam,https://www.encodeproject.org/files/ENCFF593FBF/@@download/ENCFF593FBF.bed.gz
GM12878,BATF,Single,https://www.encodeproject.org/files/ENCFF137FZZ/@@download/ENCFF137FZZ.bam,https://www.encodeproject.org/files/ENCFF593FBF/@@download/ENCFF593FBF.bed.gz
GM12878,POU2F2,Single,https://www.encodeproject.org/files/ENCFF289QVU/@@download/ENCFF289QVU.bam,https://www.encodeproject.org/files/ENCFF002CHP/@@download/ENCFF002CHP.bed.gz
GM12878,POU2F2,Single,https://www.encodeproject.org/files/ENCFF086HBQ/@@download/ENCFF086HBQ.bam,https://www.encodeproject.org/files/ENCFF002CHP/@@download/ENCFF002CHP.bed.gz
GM12878,POU2F2,Single,https://www.encodeproject.org/files/ENCFF683LPH/@@download/ENCFF683LPH.bam,https://www.encodeproject.org/files/ENCFF002CHP/@@download/ENCFF002CHP.bed.gz
GM12878,CBFB,Single,https://www.encodeproject.org/files/ENCFF328YGT/@@download/ENCFF328YGT.bam,https://www.encodeproject.org/files/ENCFF788LSH/@@download/ENCFF788LSH.bed.gz
GM12878,CBFB,Single,https://www.encodeproject.org/files/ENCFF028TLV/@@download/ENCFF028TLV.bam,https://www.encodeproject.org/files/ENCFF788LSH/@@download/ENCFF788LSH.bed.gz
GM12878,NFIC,Single,https://www.encodeproject.org/files/ENCFF219MMF/@@download/ENCFF219MMF.bam,https://www.encodeproject.org/files/ENCFF628QJU/@@download/ENCFF628QJU.bed.gz
GM12878,NFIC,Single,https://www.encodeproject.org/files/ENCFF041PWP/@@download/ENCFF041PWP.bam,https://www.encodeproject.org/files/ENCFF628QJU/@@download/ENCFF628QJU.bed.gz
GM12878,BACH1,Paired,https://www.encodeproject.org/files/ENCFF518TTP/@@download/ENCFF518TTP.bam,https://www.encodeproject.org/files/ENCFF012JXJ/@@download/ENCFF012JXJ.bed.gz
GM12878,BACH1,Paired,https://www.encodeproject.org/files/ENCFF650SPH/@@download/ENCFF650SPH.bam,https://www.encodeproject.org/files/ENCFF012JXJ/@@download/ENCFF012JXJ.bed.gz
GM12878,STAT1,Single,https://www.encodeproject.org/files/ENCFF197DCB/@@download/ENCFF197DCB.bam,https://www.encodeproject.org/files/ENCFF002CPO/@@download/ENCFF002CPO.bed.gz
GM12878,STAT1,Single,https://www.encodeproject.org/files/ENCFF409QYO/@@download/ENCFF409QYO.bam,https://www.encodeproject.org/files/ENCFF002CPO/@@download/ENCFF002CPO.bed.gz
GM12878,EGR1,Single,https://www.encodeproject.org/files/ENCFF857OMT/@@download/ENCFF857OMT.bam,https://www.encodeproject.org/files/ENCFF002CGW/@@download/ENCFF002CGW.bed.gz
GM12878,CEBPB,Single,https://www.encodeproject.org/files/ENCFF007DSX/@@download/ENCFF007DSX.bam,https://www.encodeproject.org/files/ENCFF002CGU/@@download/ENCFF002CGU.bed.gz
GM12878,CEBPB,Single,https://www.encodeproject.org/files/ENCFF630EYZ/@@download/ENCFF630EYZ.bam,https://www.encodeproject.org/files/ENCFF002CGU/@@download/ENCFF002CGU.bed.gz
GM12878,NFYA,Single,https://www.encodeproject.org/files/ENCFF576YMK/@@download/ENCFF576YMK.bam,https://www.encodeproject.org/files/ENCFF414JLN/@@download/ENCFF414JLN.bed.gz
GM12878,NFYA,Single,https://www.encodeproject.org/files/ENCFF803BZL/@@download/ENCFF803BZL.bam,https://www.encodeproject.org/files/ENCFF414JLN/@@download/ENCFF414JLN.bed.gz
GM12878,TRIM22,Paired,https://www.encodeproject.org/files/ENCFF953TUT/@@download/ENCFF953TUT.bam,https://www.encodeproject.org/files/ENCFF899JBI/@@download/ENCFF899JBI.bed.gz
GM12878,TRIM22,Paired,https://www.encodeproject.org/files/ENCFF955CZU/@@download/ENCFF955CZU.bam,https://www.encodeproject.org/files/ENCFF899JBI/@@download/ENCFF899JBI.bed.gz
GM12878,IKZF1,Single,https://www.encodeproject.org/files/ENCFF353MVL/@@download/ENCFF353MVL.bam,https://www.encodeproject.org/files/ENCFF073XZC/@@download/ENCFF073XZC.bed.gz
GM12878,IKZF1,Single,https://www.encodeproject.org/files/ENCFF076DFZ/@@download/ENCFF076DFZ.bam,https://www.encodeproject.org/files/ENCFF073XZC/@@download/ENCFF073XZC.bed.gz
GM12878,SMAD5,Single,https://www.encodeproject.org/files/ENCFF586VPX/@@download/ENCFF586VPX.bam,https://www.encodeproject.org/files/ENCFF711TMS/@@download/ENCFF711TMS.bed.gz
GM12878,SMAD5,Single,https://www.encodeproject.org/files/ENCFF065YFX/@@download/ENCFF065YFX.bam,https://www.encodeproject.org/files/ENCFF711TMS/@@download/ENCFF711TMS.bed.gz
GM12878,EP300,Single,https://www.encodeproject.org/files/ENCFF175QVH/@@download/ENCFF175QVH.bam,https://www.encodeproject.org/files/ENCFF462GHD/@@download/ENCFF462GHD.bed.gz
GM12878,EP300,Single,https://www.encodeproject.org/files/ENCFF947DUD/@@download/ENCFF947DUD.bam,https://www.encodeproject.org/files/ENCFF462GHD/@@download/ENCFF462GHD.bed.gz
GM12878,POLR2AphosphoS5,Single,https://www.encodeproject.org/files/ENCFF522HMN/@@download/ENCFF522HMN.bam,https://www.encodeproject.org/files/ENCFF125SQT/@@download/ENCFF125SQT.bed.gz
GM12878,POLR2AphosphoS5,Single,https://www.encodeproject.org/files/ENCFF111JMU/@@download/ENCFF111JMU.bam,https://www.encodeproject.org/files/ENCFF125SQT/@@download/ENCFF125SQT.bed.gz
GM12878,MAX,Single,https://www.encodeproject.org/files/ENCFF891AOD/@@download/ENCFF891AOD.bam,https://www.encodeproject.org/files/ENCFF083KVY/@@download/ENCFF083KVY.bed.gz
GM12878,MAX,Single,https://www.encodeproject.org/files/ENCFF219JUC/@@download/ENCFF219JUC.bam,https://www.encodeproject.org/files/ENCFF083KVY/@@download/ENCFF083KVY.bed.gz
GM12878,ZBED1,Single,https://www.encodeproject.org/files/ENCFF423UJN/@@download/ENCFF423UJN.bam,https://www.encodeproject.org/files/ENCFF123WEZ/@@download/ENCFF123WEZ.bed.gz
GM12878,ZBED1,Single,https://www.encodeproject.org/files/ENCFF414RUN/@@download/ENCFF414RUN.bam,https://www.encodeproject.org/files/ENCFF123WEZ/@@download/ENCFF123WEZ.bed.gz
GM12878,ATF2,Single,https://www.encodeproject.org/files/ENCFF870CUX/@@download/ENCFF870CUX.bam,https://www.encodeproject.org/files/ENCFF609KOY/@@download/ENCFF609KOY.bed.gz
GM12878,ATF2,Single,https://www.encodeproject.org/files/ENCFF868WFT/@@download/ENCFF868WFT.bam,https://www.encodeproject.org/files/ENCFF609KOY/@@download/ENCFF609KOY.bed.gz
GM12878,ASH2L,Single,https://www.encodeproject.org/files/ENCFF154OIS/@@download/ENCFF154OIS.bam,https://www.encodeproject.org/files/ENCFF917CXD/@@download/ENCFF917CXD.bed.gz
GM12878,ASH2L,Single,https://www.encodeproject.org/files/ENCFF558XZK/@@download/ENCFF558XZK.bam,https://www.encodeproject.org/files/ENCFF917CXD/@@download/ENCFF917CXD.bed.gz
GM12878,NRF1,Single,https://www.encodeproject.org/files/ENCFF450FPZ/@@download/ENCFF450FPZ.bam,https://www.encodeproject.org/files/ENCFF931XAL/@@download/ENCFF931XAL.bed.gz
GM12878,NRF1,Single,https://www.encodeproject.org/files/ENCFF819KIB/@@download/ENCFF819KIB.bam,https://www.encodeproject.org/files/ENCFF931XAL/@@download/ENCFF931XAL.bed.gz
GM12878,CTCF,Single,https://www.encodeproject.org/files/ENCFF406XWF/@@download/ENCFF406XWF.bam,https://www.encodeproject.org/files/ENCFF833FTF/@@download/ENCFF833FTF.bed.gz
GM12878,CTCF,Single,https://www.encodeproject.org/files/ENCFF598OOE/@@download/ENCFF598OOE.bam,https://www.encodeproject.org/files/ENCFF833FTF/@@download/ENCFF833FTF.bed.gz
GM12878,ETV6,Single,https://www.encodeproject.org/files/ENCFF887NEW/@@download/ENCFF887NEW.bam,https://www.encodeproject.org/files/ENCFF692GBM/@@download/ENCFF692GBM.bed.gz
GM12878,ETV6,Single,https://www.encodeproject.org/files/ENCFF150UOG/@@download/ENCFF150UOG.bam,https://www.encodeproject.org/files/ENCFF692GBM/@@download/ENCFF692GBM.bed.gz
GM12878,RELB,Paired,https://www.encodeproject.org/files/ENCFF708KIW/@@download/ENCFF708KIW.bam,https://www.encodeproject.org/files/ENCFF456FQB/@@download/ENCFF456FQB.bed.gz
GM12878,RELB,Paired,https://www.encodeproject.org/files/ENCFF128ARE/@@download/ENCFF128ARE.bam,https://www.encodeproject.org/files/ENCFF456FQB/@@download/ENCFF456FQB.bed.gz
GM12878,TCF12,Paired,https://www.encodeproject.org/files/ENCFF252ZMP/@@download/ENCFF252ZMP.bam,https://www.encodeproject.org/files/ENCFF017LZE/@@download/ENCFF017LZE.bed.gz
GM12878,TCF12,Paired,https://www.encodeproject.org/files/ENCFF844WSE/@@download/ENCFF844WSE.bam,https://www.encodeproject.org/files/ENCFF017LZE/@@download/ENCFF017LZE.bed.gz
GM12878,ZNF592,Paired,https://www.encodeproject.org/files/ENCFF882APL/@@download/ENCFF882APL.bam,https://www.encodeproject.org/files/ENCFF566YUW/@@download/ENCFF566YUW.bed.gz
GM12878,ZNF592,Paired,https://www.encodeproject.org/files/ENCFF778UYM/@@download/ENCFF778UYM.bam,https://www.encodeproject.org/files/ENCFF566YUW/@@download/ENCFF566YUW.bed.gz
GM12878,POLR2AphosphoS2,Single,https://www.encodeproject.org/files/ENCFF015AEA/@@download/ENCFF015AEA.bam,https://www.encodeproject.org/files/ENCFF630NFM/@@download/ENCFF630NFM.bed.gz
GM12878,POLR2AphosphoS2,Single,https://www.encodeproject.org/files/ENCFF625MLW/@@download/ENCFF625MLW.bam,https://www.encodeproject.org/files/ENCFF630NFM/@@download/ENCFF630NFM.bed.gz
GM12878,UBTF,Single,https://www.encodeproject.org/files/ENCFF117OQA/@@download/ENCFF117OQA.bam,https://www.encodeproject.org/files/ENCFF745TNJ/@@download/ENCFF745TNJ.bed.gz
GM12878,UBTF,Single,https://www.encodeproject.org/files/ENCFF481YNF/@@download/ENCFF481YNF.bam,https://www.encodeproject.org/files/ENCFF745TNJ/@@download/ENCFF745TNJ.bed.gz
GM12878,REST,Single,https://www.encodeproject.org/files/ENCFF753DEQ/@@download/ENCFF753DEQ.bam,https://www.encodeproject.org/files/ENCFF677KJB/@@download/ENCFF677KJB.bed.gz
GM12878,REST,Single,https://www.encodeproject.org/files/ENCFF929UNL/@@download/ENCFF929UNL.bam,https://www.encodeproject.org/files/ENCFF677KJB/@@download/ENCFF677KJB.bed.gz
GM12878,NKRF,Paired,https://www.encodeproject.org/files/ENCFF024MBE/@@download/ENCFF024MBE.bam,https://www.encodeproject.org/files/ENCFF317VBQ/@@download/ENCFF317VBQ.bed.gz
GM12878,NKRF,Paired,https://www.encodeproject.org/files/ENCFF408YTW/@@download/ENCFF408YTW.bam,https://www.encodeproject.org/files/ENCFF317VBQ/@@download/ENCFF317VBQ.bed.gz
GM12878,LARP7,Paired,https://www.encodeproject.org/files/ENCFF129WDL/@@download/ENCFF129WDL.bam,https://www.encodeproject.org/files/ENCFF449CJP/@@download/ENCFF449CJP.bed.gz
GM12878,LARP7,Paired,https://www.encodeproject.org/files/ENCFF428TES/@@download/ENCFF428TES.bam,https://www.encodeproject.org/files/ENCFF449CJP/@@download/ENCFF449CJP.bed.gz
GM12878,ELF1,Paired,https://www.encodeproject.org/files/ENCFF437STA/@@download/ENCFF437STA.bam,https://www.encodeproject.org/files/ENCFF807AKG/@@download/ENCFF807AKG.bed.gz
GM12878,ELF1,Paired,https://www.encodeproject.org/files/ENCFF723QVM/@@download/ENCFF723QVM.bam,https://www.encodeproject.org/files/ENCFF807AKG/@@download/ENCFF807AKG.bed.gz
GM12878,ELK1,Single,https://www.encodeproject.org/files/ENCFF199VLV/@@download/ENCFF199VLV.bam,https://www.encodeproject.org/files/ENCFF556JBS/@@download/ENCFF556JBS.bed.gz
GM12878,ELK1,Single,https://www.encodeproject.org/files/ENCFF556BST/@@download/ENCFF556BST.bam,https://www.encodeproject.org/files/ENCFF556JBS/@@download/ENCFF556JBS.bed.gz
GM12878,WRNIP1,Single,https://www.encodeproject.org/files/ENCFF366GBN/@@download/ENCFF366GBN.bam,https://www.encodeproject.org/files/ENCFF277VDY/@@download/ENCFF277VDY.bed.gz
GM12878,WRNIP1,Single,https://www.encodeproject.org/files/ENCFF775OFL/@@download/ENCFF775OFL.bam,https://www.encodeproject.org/files/ENCFF277VDY/@@download/ENCFF277VDY.bed.gz
GM12878,HDGF,Paired,https://www.encodeproject.org/files/ENCFF047KRZ/@@download/ENCFF047KRZ.bam,https://www.encodeproject.org/files/ENCFF935HIG/@@download/ENCFF935HIG.bed.gz
GM12878,HDGF,Paired,https://www.encodeproject.org/files/ENCFF506RUD/@@download/ENCFF506RUD.bam,https://www.encodeproject.org/files/ENCFF935HIG/@@download/ENCFF935HIG.bed.gz
GM12878,NFATC1,Single,https://www.encodeproject.org/files/ENCFF224MHM/@@download/ENCFF224MHM.bam,https://www.encodeproject.org/files/ENCFF409QJU/@@download/ENCFF409QJU.bed.gz
GM12878,NFATC1,Single,https://www.encodeproject.org/files/ENCFF991DJH/@@download/ENCFF991DJH.bam,https://www.encodeproject.org/files/ENCFF409QJU/@@download/ENCFF409QJU.bed.gz
GM12878,ZNF24,Paired,https://www.encodeproject.org/files/ENCFF699QHD/@@download/ENCFF699QHD.bam,https://www.encodeproject.org/files/ENCFF103OOV/@@download/ENCFF103OOV.bed.gz
GM12878,ZNF24,Paired,https://www.encodeproject.org/files/ENCFF241LQC/@@download/ENCFF241LQC.bam,https://www.encodeproject.org/files/ENCFF103OOV/@@download/ENCFF103OOV.bed.gz
GM12878,PAX5,Single,https://www.encodeproject.org/files/ENCFF364VOW/@@download/ENCFF364VOW.bam,https://www.encodeproject.org/files/ENCFF339KUO/@@download/ENCFF339KUO.bed.gz
GM12878,PAX5,Single,https://www.encodeproject.org/files/ENCFF958KJV/@@download/ENCFF958KJV.bam,https://www.encodeproject.org/files/ENCFF339KUO/@@download/ENCFF339KUO.bed.gz
GM12878,ZNF384,Single,https://www.encodeproject.org/files/ENCFF725PVP/@@download/ENCFF725PVP.bam,https://www.encodeproject.org/files/ENCFF371OGO/@@download/ENCFF371OGO.bed.gz
GM12878,ZNF384,Single,https://www.encodeproject.org/files/ENCFF440GGE/@@download/ENCFF440GGE.bam,https://www.encodeproject.org/files/ENCFF371OGO/@@download/ENCFF371OGO.bed.gz
GM12878,HSF1,Single,https://www.encodeproject.org/files/ENCFF947SAR/@@download/ENCFF947SAR.bam,https://www.encodeproject.org/files/ENCFF308ZGG/@@download/ENCFF308ZGG.bed.gz
GM12878,HSF1,Single,https://www.encodeproject.org/files/ENCFF928UWV/@@download/ENCFF928UWV.bam,https://www.encodeproject.org/files/ENCFF308ZGG/@@download/ENCFF308ZGG.bed.gz
GM12878,DPF2,Paired,https://www.encodeproject.org/files/ENCFF297GLO/@@download/ENCFF297GLO.bam,https://www.encodeproject.org/files/ENCFF349MPF/@@download/ENCFF349MPF.bed.gz
GM12878,DPF2,Paired,https://www.encodeproject.org/files/ENCFF382CMG/@@download/ENCFF382CMG.bam,https://www.encodeproject.org/files/ENCFF349MPF/@@download/ENCFF349MPF.bed.gz
GM12878,GATAD2B,Paired,https://www.encodeproject.org/files/ENCFF604LZU/@@download/ENCFF604LZU.bam,https://www.encodeproject.org/files/ENCFF456YII/@@download/ENCFF456YII.bed.gz
GM12878,GATAD2B,Paired,https://www.encodeproject.org/files/ENCFF601CNB/@@download/ENCFF601CNB.bam,https://www.encodeproject.org/files/ENCFF456YII/@@download/ENCFF456YII.bed.gz
GM12878,ETV6,Paired,https://www.encodeproject.org/files/ENCFF425VPI/@@download/ENCFF425VPI.bam,https://www.encodeproject.org/files/ENCFF304WER/@@download/ENCFF304WER.bed.gz
GM12878,ETV6,Paired,https://www.encodeproject.org/files/ENCFF218VQM/@@download/ENCFF218VQM.bam,https://www.encodeproject.org/files/ENCFF304WER/@@download/ENCFF304WER.bed.gz
GM12878,IRF4,Single,https://www.encodeproject.org/files/ENCFF077CHK/@@download/ENCFF077CHK.bam,https://www.encodeproject.org/files/ENCFF391DVL/@@download/ENCFF391DVL.bed.gz
GM12878,IRF4,Single,https://www.encodeproject.org/files/ENCFF056SZK/@@download/ENCFF056SZK.bam,https://www.encodeproject.org/files/ENCFF391DVL/@@download/ENCFF391DVL.bed.gz
GM12878,ESRRA,Single,https://www.encodeproject.org/files/ENCFF063WPO/@@download/ENCFF063WPO.bam,https://www.encodeproject.org/files/ENCFF195PBG/@@download/ENCFF195PBG.bed.gz
GM12878,ESRRA,Single,https://www.encodeproject.org/files/ENCFF790QIK/@@download/ENCFF790QIK.bam,https://www.encodeproject.org/files/ENCFF195PBG/@@download/ENCFF195PBG.bed.gz
GM12878,EBF1,Single,https://www.encodeproject.org/files/ENCFF305MCD/@@download/ENCFF305MCD.bam,https://www.encodeproject.org/files/ENCFF394DLH/@@download/ENCFF394DLH.bed.gz
GM12878,EBF1,Single,https://www.encodeproject.org/files/ENCFF243EMB/@@download/ENCFF243EMB.bam,https://www.encodeproject.org/files/ENCFF394DLH/@@download/ENCFF394DLH.bed.gz
GM12878,SIX5,Single,https://www.encodeproject.org/files/ENCFF549IYK/@@download/ENCFF549IYK.bam,https://www.encodeproject.org/files/ENCFF606WUV/@@download/ENCFF606WUV.bed.gz
GM12878,SIX5,Single,https://www.encodeproject.org/files/ENCFF579QFZ/@@download/ENCFF579QFZ.bam,https://www.encodeproject.org/files/ENCFF606WUV/@@download/ENCFF606WUV.bed.gz
GM12878,ZNF622,Paired,https://www.encodeproject.org/files/ENCFF474JIF/@@download/ENCFF474JIF.bam,https://www.encodeproject.org/files/ENCFF065QOM/@@download/ENCFF065QOM.bed.gz
GM12878,ZNF622,Paired,https://www.encodeproject.org/files/ENCFF460ZUI/@@download/ENCFF460ZUI.bam,https://www.encodeproject.org/files/ENCFF065QOM/@@download/ENCFF065QOM.bed.gz
GM12878,ETS1,Single,https://www.encodeproject.org/files/ENCFF293YYY/@@download/ENCFF293YYY.bam,https://www.encodeproject.org/files/ENCFF332PGQ/@@download/ENCFF332PGQ.bed.gz
GM12878,ETS1,Single,https://www.encodeproject.org/files/ENCFF952WXS/@@download/ENCFF952WXS.bam,https://www.encodeproject.org/files/ENCFF332PGQ/@@download/ENCFF332PGQ.bed.gz
GM12878,YBX1,Paired,https://www.encodeproject.org/files/ENCFF769OUG/@@download/ENCFF769OUG.bam,https://www.encodeproject.org/files/ENCFF344OJI/@@download/ENCFF344OJI.bed.gz
GM12878,YBX1,Paired,https://www.encodeproject.org/files/ENCFF644ETK/@@download/ENCFF644ETK.bam,https://www.encodeproject.org/files/ENCFF344OJI/@@download/ENCFF344OJI.bed.gz
GM12878,CUX1,Single,https://www.encodeproject.org/files/ENCFF576YWR/@@download/ENCFF576YWR.bam,https://www.encodeproject.org/files/ENCFF721SDD/@@download/ENCFF721SDD.bed.gz
GM12878,CUX1,Single,https://www.encodeproject.org/files/ENCFF812ZZO/@@download/ENCFF812ZZO.bam,https://www.encodeproject.org/files/ENCFF721SDD/@@download/ENCFF721SDD.bed.gz
GM12878,SIN3A,Single,https://www.encodeproject.org/files/ENCFF980MUI/@@download/ENCFF980MUI.bam,https://www.encodeproject.org/files/ENCFF778DJD/@@download/ENCFF778DJD.bed.gz
GM12878,SIN3A,Single,https://www.encodeproject.org/files/ENCFF610LIO/@@download/ENCFF610LIO.bam,https://www.encodeproject.org/files/ENCFF778DJD/@@download/ENCFF778DJD.bed.gz
GM12878,NR2C1,Paired,https://www.encodeproject.org/files/ENCFF678UMR/@@download/ENCFF678UMR.bam,https://www.encodeproject.org/files/ENCFF381SBC/@@download/ENCFF381SBC.bed.gz
GM12878,NR2C1,Paired,https://www.encodeproject.org/files/ENCFF828AOH/@@download/ENCFF828AOH.bam,https://www.encodeproject.org/files/ENCFF381SBC/@@download/ENCFF381SBC.bed.gz
GM12878,BCLAF1,Paired,https://www.encodeproject.org/files/ENCFF685HCB/@@download/ENCFF685HCB.bam,https://www.encodeproject.org/files/ENCFF015YHT/@@download/ENCFF015YHT.bed.gz
GM12878,BCLAF1,Paired,https://www.encodeproject.org/files/ENCFF671NSO/@@download/ENCFF671NSO.bam,https://www.encodeproject.org/files/ENCFF015YHT/@@download/ENCFF015YHT.bed.gz
GM12878,MTA3,Single,https://www.encodeproject.org/files/ENCFF390XDX/@@download/ENCFF390XDX.bam,https://www.encodeproject.org/files/ENCFF413VUC/@@download/ENCFF413VUC.bed.gz
GM12878,MTA3,Single,https://www.encodeproject.org/files/ENCFF712MCI/@@download/ENCFF712MCI.bam,https://www.encodeproject.org/files/ENCFF413VUC/@@download/ENCFF413VUC.bed.gz
GM12878,PAX5,Single,https://www.encodeproject.org/files/ENCFF051KDT/@@download/ENCFF051KDT.bam,https://www.encodeproject.org/files/ENCFF199FYD/@@download/ENCFF199FYD.bed.gz
GM12878,PAX5,Single,https://www.encodeproject.org/files/ENCFF498EOO/@@download/ENCFF498EOO.bam,https://www.encodeproject.org/files/ENCFF199FYD/@@download/ENCFF199FYD.bed.gz
GM12878,MEF2C,Single,https://www.encodeproject.org/files/ENCFF161DMX/@@download/ENCFF161DMX.bam,https://www.encodeproject.org/files/ENCFF261ZWR/@@download/ENCFF261ZWR.bed.gz
GM12878,MEF2C,Single,https://www.encodeproject.org/files/ENCFF810SZD/@@download/ENCFF810SZD.bam,https://www.encodeproject.org/files/ENCFF261ZWR/@@download/ENCFF261ZWR.bed.gz
GM12878,ZEB1,Single,https://www.encodeproject.org/files/ENCFF390ZIU/@@download/ENCFF390ZIU.bam,https://www.encodeproject.org/files/ENCFF997NGJ/@@download/ENCFF997NGJ.bed.gz
GM12878,ZEB1,Single,https://www.encodeproject.org/files/ENCFF843JHA/@@download/ENCFF843JHA.bam,https://www.encodeproject.org/files/ENCFF997NGJ/@@download/ENCFF997NGJ.bed.gz
GM12878,REST,Single,https://www.encodeproject.org/files/ENCFF400ZBQ/@@download/ENCFF400ZBQ.bam,https://www.encodeproject.org/files/ENCFF048JKT/@@download/ENCFF048JKT.bed.gz
GM12878,REST,Single,https://www.encodeproject.org/files/ENCFF480ZVD/@@download/ENCFF480ZVD.bam,https://www.encodeproject.org/files/ENCFF048JKT/@@download/ENCFF048JKT.bed.gz
GM12878,ELF1,Single,https://www.encodeproject.org/files/ENCFF063CST/@@download/ENCFF063CST.bam,https://www.encodeproject.org/files/ENCFF002CGX/@@download/ENCFF002CGX.bed.gz
GM12878,ELF1,Single,https://www.encodeproject.org/files/ENCFF641VSS/@@download/ENCFF641VSS.bam,https://www.encodeproject.org/files/ENCFF002CGX/@@download/ENCFF002CGX.bed.gz
GM12878,IKZF1,Paired,https://www.encodeproject.org/files/ENCFF216YZE/@@download/ENCFF216YZE.bam,https://www.encodeproject.org/files/ENCFF229YSW/@@download/ENCFF229YSW.bed.gz
GM12878,IKZF1,Paired,https://www.encodeproject.org/files/ENCFF565JZS/@@download/ENCFF565JZS.bam,https://www.encodeproject.org/files/ENCFF229YSW/@@download/ENCFF229YSW.bed.gz
GM12878,RBBP5,Single,https://www.encodeproject.org/files/ENCFF725MHO/@@download/ENCFF725MHO.bam,https://www.encodeproject.org/files/ENCFF814CZI/@@download/ENCFF814CZI.bed.gz
GM12878,RBBP5,Single,https://www.encodeproject.org/files/ENCFF168LEX/@@download/ENCFF168LEX.bam,https://www.encodeproject.org/files/ENCFF814CZI/@@download/ENCFF814CZI.bed.gz
GM12878,CEBPB,Single,https://www.encodeproject.org/files/ENCFF523VUD/@@download/ENCFF523VUD.bam,https://www.encodeproject.org/files/ENCFF761MGJ/@@download/ENCFF761MGJ.bed.gz
GM12878,CEBPB,Single,https://www.encodeproject.org/files/ENCFF403OCE/@@download/ENCFF403OCE.bam,https://www.encodeproject.org/files/ENCFF761MGJ/@@download/ENCFF761MGJ.bed.gz
GM12878,CEBPZ,Single,https://www.encodeproject.org/files/ENCFF853XMX/@@download/ENCFF853XMX.bam,https://www.encodeproject.org/files/ENCFF920HDC/@@download/ENCFF920HDC.bed.gz
GM12878,CEBPZ,Single,https://www.encodeproject.org/files/ENCFF433DBU/@@download/ENCFF433DBU.bam,https://www.encodeproject.org/files/ENCFF920HDC/@@download/ENCFF920HDC.bed.gz
GM12878,E4F1,Paired,https://www.encodeproject.org/files/ENCFF259DTT/@@download/ENCFF259DTT.bam,https://www.encodeproject.org/files/ENCFF711OSR/@@download/ENCFF711OSR.bed.gz
GM12878,E4F1,Paired,https://www.encodeproject.org/files/ENCFF805VTA/@@download/ENCFF805VTA.bam,https://www.encodeproject.org/files/ENCFF711OSR/@@download/ENCFF711OSR.bed.gz
GM12878,ZNF207,Paired,https://www.encodeproject.org/files/ENCFF962BKF/@@download/ENCFF962BKF.bam,https://www.encodeproject.org/files/ENCFF273BVT/@@download/ENCFF273BVT.bed.gz
GM12878,ZNF207,Paired,https://www.encodeproject.org/files/ENCFF210STE/@@download/ENCFF210STE.bam,https://www.encodeproject.org/files/ENCFF273BVT/@@download/ENCFF273BVT.bed.gz
GM12878,TARDBP,Single,https://www.encodeproject.org/files/ENCFF512IQR/@@download/ENCFF512IQR.bam,https://www.encodeproject.org/files/ENCFF374HJR/@@download/ENCFF374HJR.bed.gz
GM12878,TARDBP,Single,https://www.encodeproject.org/files/ENCFF145KYA/@@download/ENCFF145KYA.bam,https://www.encodeproject.org/files/ENCFF374HJR/@@download/ENCFF374HJR.bed.gz
GM12878,ARID3A,Paired,https://www.encodeproject.org/files/ENCFF273SPJ/@@download/ENCFF273SPJ.bam,https://www.encodeproject.org/files/ENCFF027VZK/@@download/ENCFF027VZK.bed.gz
GM12878,ARID3A,Paired,https://www.encodeproject.org/files/ENCFF519PTB/@@download/ENCFF519PTB.bam,https://www.encodeproject.org/files/ENCFF027VZK/@@download/ENCFF027VZK.bed.gz
GM12878,SRF,Single,https://www.encodeproject.org/files/ENCFF497WHG/@@download/ENCFF497WHG.bam,https://www.encodeproject.org/files/ENCFF199WGD/@@download/ENCFF199WGD.bed.gz
GM12878,SRF,Single,https://www.encodeproject.org/files/ENCFF351NJK/@@download/ENCFF351NJK.bam,https://www.encodeproject.org/files/ENCFF199WGD/@@download/ENCFF199WGD.bed.gz
GM12878,IRF3,Paired,https://www.encodeproject.org/files/ENCFF938ZZA/@@download/ENCFF938ZZA.bam,https://www.encodeproject.org/files/ENCFF976ZVG/@@download/ENCFF976ZVG.bed.gz
GM12878,IRF3,Paired,https://www.encodeproject.org/files/ENCFF038JKO/@@download/ENCFF038JKO.bam,https://www.encodeproject.org/files/ENCFF976ZVG/@@download/ENCFF976ZVG.bed.gz
GM12878,CTCF,Single,https://www.encodeproject.org/files/ENCFF124LLI/@@download/ENCFF124LLI.bam,https://www.encodeproject.org/files/ENCFF710VEH/@@download/ENCFF710VEH.bed.gz
GM12878,CTCF,Single,https://www.encodeproject.org/files/ENCFF677ISQ/@@download/ENCFF677ISQ.bam,https://www.encodeproject.org/files/ENCFF710VEH/@@download/ENCFF710VEH.bed.gz
GM12878,SRF,Single,https://www.encodeproject.org/files/ENCFF716XWN/@@download/ENCFF716XWN.bam,https://www.encodeproject.org/files/ENCFF030NYG/@@download/ENCFF030NYG.bed.gz
GM12878,SRF,Single,https://www.encodeproject.org/files/ENCFF767IVC/@@download/ENCFF767IVC.bam,https://www.encodeproject.org/files/ENCFF030NYG/@@download/ENCFF030NYG.bed.gz
GM12878,RFX5,Single,https://www.encodeproject.org/files/ENCFF748LVZ/@@download/ENCFF748LVZ.bam,https://www.encodeproject.org/files/ENCFF402FYF/@@download/ENCFF402FYF.bed.gz
GM12878,RFX5,Single,https://www.encodeproject.org/files/ENCFF834ABA/@@download/ENCFF834ABA.bam,https://www.encodeproject.org/files/ENCFF402FYF/@@download/ENCFF402FYF.bed.gz
GM12878,CTCF,Single,https://www.encodeproject.org/files/ENCFF298INA/@@download/ENCFF298INA.bam,https://www.encodeproject.org/files/ENCFF473RXY/@@download/ENCFF473RXY.bed.gz
GM12878,CTCF,Single,https://www.encodeproject.org/files/ENCFF172UCS/@@download/ENCFF172UCS.bam,https://www.encodeproject.org/files/ENCFF473RXY/@@download/ENCFF473RXY.bed.gz
GM12878,STAT1,Paired,https://www.encodeproject.org/files/ENCFF824AUB/@@download/ENCFF824AUB.bam,https://www.encodeproject.org/files/ENCFF557HJB/@@download/ENCFF557HJB.bed.gz
GM12878,STAT1,Paired,https://www.encodeproject.org/files/ENCFF066CFC/@@download/ENCFF066CFC.bam,https://www.encodeproject.org/files/ENCFF557HJB/@@download/ENCFF557HJB.bed.gz
GM12878,NBN,Paired,https://www.encodeproject.org/files/ENCFF496IOG/@@download/ENCFF496IOG.bam,https://www.encodeproject.org/files/ENCFF055NJR/@@download/ENCFF055NJR.bed.gz
GM12878,NBN,Paired,https://www.encodeproject.org/files/ENCFF611NOA/@@download/ENCFF611NOA.bam,https://www.encodeproject.org/files/ENCFF055NJR/@@download/ENCFF055NJR.bed.gz
GM12878,BRCA1,Single,https://www.encodeproject.org/files/ENCFF408BUD/@@download/ENCFF408BUD.bam,https://www.encodeproject.org/files/ENCFF082JDH/@@download/ENCFF082JDH.bed.gz
GM12878,BRCA1,Single,https://www.encodeproject.org/files/ENCFF498LKK/@@download/ENCFF498LKK.bam,https://www.encodeproject.org/files/ENCFF082JDH/@@download/ENCFF082JDH.bed.gz
GM12878,MLLT1,Paired,https://www.encodeproject.org/files/ENCFF858IJQ/@@download/ENCFF858IJQ.bam,https://www.encodeproject.org/files/ENCFF881VZH/@@download/ENCFF881VZH.bed.gz
GM12878,MLLT1,Paired,https://www.encodeproject.org/files/ENCFF656OGK/@@download/ENCFF656OGK.bam,https://www.encodeproject.org/files/ENCFF881VZH/@@download/ENCFF881VZH.bed.gz
GM12878,RXRA,Single,https://www.encodeproject.org/files/ENCFF336YAA/@@download/ENCFF336YAA.bam,https://www.encodeproject.org/files/ENCFF461FGJ/@@download/ENCFF461FGJ.bed.gz
GM12878,RXRA,Single,https://www.encodeproject.org/files/ENCFF532MNB/@@download/ENCFF532MNB.bam,https://www.encodeproject.org/files/ENCFF461FGJ/@@download/ENCFF461FGJ.bed.gz
GM12878,RAD21,Single,https://www.encodeproject.org/files/ENCFF401LTK/@@download/ENCFF401LTK.bam,https://www.encodeproject.org/files/ENCFF753RGL/@@download/ENCFF753RGL.bed.gz
GM12878,RAD21,Single,https://www.encodeproject.org/files/ENCFF448FSM/@@download/ENCFF448FSM.bam,https://www.encodeproject.org/files/ENCFF753RGL/@@download/ENCFF753RGL.bed.gz
GM12878,BCL3,Single,https://www.encodeproject.org/files/ENCFF511GDC/@@download/ENCFF511GDC.bam,https://www.encodeproject.org/files/ENCFF625SHY/@@download/ENCFF625SHY.bed.gz
GM12878,BCL3,Single,https://www.encodeproject.org/files/ENCFF462BJG/@@download/ENCFF462BJG.bam,https://www.encodeproject.org/files/ENCFF625SHY/@@download/ENCFF625SHY.bed.gz
GM12878,ZFP36,Single,https://www.encodeproject.org/files/ENCFF318CLL/@@download/ENCFF318CLL.bam,https://www.encodeproject.org/files/ENCFF144FCI/@@download/ENCFF144FCI.bed.gz
GM12878,ZFP36,Single,https://www.encodeproject.org/files/ENCFF638IWQ/@@download/ENCFF638IWQ.bam,https://www.encodeproject.org/files/ENCFF144FCI/@@download/ENCFF144FCI.bed.gz
GM12878,ZBTB33,Paired,https://www.encodeproject.org/files/ENCFF303DWC/@@download/ENCFF303DWC.bam,https://www.encodeproject.org/files/ENCFF539CKD/@@download/ENCFF539CKD.bed.gz
GM12878,ZBTB33,Paired,https://www.encodeproject.org/files/ENCFF547OWH/@@download/ENCFF547OWH.bam,https://www.encodeproject.org/files/ENCFF539CKD/@@download/ENCFF539CKD.bed.gz
GM12878,ATF3,Single,https://www.encodeproject.org/files/ENCFF061SMS/@@download/ENCFF061SMS.bam,https://www.encodeproject.org/files/ENCFF002CGP/@@download/ENCFF002CGP.bed.gz
GM12878,ATF3,Single,https://www.encodeproject.org/files/ENCFF795RHE/@@download/ENCFF795RHE.bam,https://www.encodeproject.org/files/ENCFF002CGP/@@download/ENCFF002CGP.bed.gz
GM12878,IRF3,Single,https://www.encodeproject.org/files/ENCFF962GER/@@download/ENCFF962GER.bam,https://www.encodeproject.org/files/ENCFF303TVZ/@@download/ENCFF303TVZ.bed.gz
GM12878,IRF3,Single,https://www.encodeproject.org/files/ENCFF920XYY/@@download/ENCFF920XYY.bam,https://www.encodeproject.org/files/ENCFF303TVZ/@@download/ENCFF303TVZ.bed.gz
GM12878,GABPA,Single,https://www.encodeproject.org/files/ENCFF084LVF/@@download/ENCFF084LVF.bam,https://www.encodeproject.org/files/ENCFF116EXQ/@@download/ENCFF116EXQ.bed.gz
GM12878,GABPA,Single,https://www.encodeproject.org/files/ENCFF742KAV/@@download/ENCFF742KAV.bam,https://www.encodeproject.org/files/ENCFF116EXQ/@@download/ENCFF116EXQ.bed.gz
GM12878,MEF2A,Single,https://www.encodeproject.org/files/ENCFF012YAB/@@download/ENCFF012YAB.bam,https://www.encodeproject.org/files/ENCFF328QLX/@@download/ENCFF328QLX.bed.gz
GM12878,MEF2A,Single,https://www.encodeproject.org/files/ENCFF359HKJ/@@download/ENCFF359HKJ.bam,https://www.encodeproject.org/files/ENCFF328QLX/@@download/ENCFF328QLX.bed.gz
GM12878,ATF2,Paired,https://www.encodeproject.org/files/ENCFF162ZVX/@@download/ENCFF162ZVX.bam,https://www.encodeproject.org/files/ENCFF127GYQ/@@download/ENCFF127GYQ.bed.gz
GM12878,ATF2,Paired,https://www.encodeproject.org/files/ENCFF723OJK/@@download/ENCFF723OJK.bam,https://www.encodeproject.org/files/ENCFF127GYQ/@@download/ENCFF127GYQ.bed.gz
GM12878,TCF12,Single,https://www.encodeproject.org/files/ENCFF874QHT/@@download/ENCFF874QHT.bam,https://www.encodeproject.org/files/ENCFF160WLU/@@download/ENCFF160WLU.bed.gz
GM12878,TCF12,Single,https://www.encodeproject.org/files/ENCFF766QXX/@@download/ENCFF766QXX.bam,https://www.encodeproject.org/files/ENCFF160WLU/@@download/ENCFF160WLU.bed.gz
GM12878,ZBTB40,Paired,https://www.encodeproject.org/files/ENCFF586ZMB/@@download/ENCFF586ZMB.bam,https://www.encodeproject.org/files/ENCFF357WYN/@@download/ENCFF357WYN.bed.gz
GM12878,ZBTB40,Paired,https://www.encodeproject.org/files/ENCFF609ZXH/@@download/ENCFF609ZXH.bam,https://www.encodeproject.org/files/ENCFF357WYN/@@download/ENCFF357WYN.bed.gz
GM12878,TAF1,Single,https://www.encodeproject.org/files/ENCFF686PRS/@@download/ENCFF686PRS.bam,https://www.encodeproject.org/files/ENCFF544NRC/@@download/ENCFF544NRC.bed.gz
GM12878,TAF1,Single,https://www.encodeproject.org/files/ENCFF097OFH/@@download/ENCFF097OFH.bam,https://www.encodeproject.org/files/ENCFF544NRC/@@download/ENCFF544NRC.bed.gz
GM12878,ARNT,Paired,https://www.encodeproject.org/files/ENCFF499GGU/@@download/ENCFF499GGU.bam,https://www.encodeproject.org/files/ENCFF166OZW/@@download/ENCFF166OZW.bed.gz
GM12878,ARNT,Paired,https://www.encodeproject.org/files/ENCFF397TMG/@@download/ENCFF397TMG.bam,https://www.encodeproject.org/files/ENCFF166OZW/@@download/ENCFF166OZW.bed.gz
GM12878,JUNB,Single,https://www.encodeproject.org/files/ENCFF750SGF/@@download/ENCFF750SGF.bam,https://www.encodeproject.org/files/ENCFF939TZS/@@download/ENCFF939TZS.bed.gz
GM12878,JUNB,Single,https://www.encodeproject.org/files/ENCFF312NBZ/@@download/ENCFF312NBZ.bam,https://www.encodeproject.org/files/ENCFF939TZS/@@download/ENCFF939TZS.bed.gz
GM12878,IKZF2,Paired,https://www.encodeproject.org/files/ENCFF309MTT/@@download/ENCFF309MTT.bam,https://www.encodeproject.org/files/ENCFF339FFC/@@download/ENCFF339FFC.bed.gz
GM12878,IKZF2,Paired,https://www.encodeproject.org/files/ENCFF293UYK/@@download/ENCFF293UYK.bam,https://www.encodeproject.org/files/ENCFF339FFC/@@download/ENCFF339FFC.bed.gz
GM12878,SRF,Paired,https://www.encodeproject.org/files/ENCFF767EYL/@@download/ENCFF767EYL.bam,https://www.encodeproject.org/files/ENCFF909FRA/@@download/ENCFF909FRA.bed.gz
GM12878,SRF,Paired,https://www.encodeproject.org/files/ENCFF387RFR/@@download/ENCFF387RFR.bam,https://www.encodeproject.org/files/ENCFF909FRA/@@download/ENCFF909FRA.bed.gz
GM12878,IKZF2,Paired,https://www.encodeproject.org/files/ENCFF143HZI/@@download/ENCFF143HZI.bam,https://www.encodeproject.org/files/ENCFF653MIQ/@@download/ENCFF653MIQ.bed.gz
GM12878,IKZF2,Paired,https://www.encodeproject.org/files/ENCFF772KBH/@@download/ENCFF772KBH.bam,https://www.encodeproject.org/files/ENCFF653MIQ/@@download/ENCFF653MIQ.bed.gz
GM12878,EP300,Single,https://www.encodeproject.org/files/ENCFF369KBK/@@download/ENCFF369KBK.bam,https://www.encodeproject.org/files/ENCFF302XID/@@download/ENCFF302XID.bed.gz
GM12878,EP300,Single,https://www.encodeproject.org/files/ENCFF431HRP/@@download/ENCFF431HRP.bam,https://www.encodeproject.org/files/ENCFF302XID/@@download/ENCFF302XID.bed.gz
GM12878,NFYB,Single,https://www.encodeproject.org/files/ENCFF126JJU/@@download/ENCFF126JJU.bam,https://www.encodeproject.org/files/ENCFF467NRS/@@download/ENCFF467NRS.bed.gz
GM12878,NFYB,Single,https://www.encodeproject.org/files/ENCFF966JJV/@@download/ENCFF966JJV.bam,https://www.encodeproject.org/files/ENCFF467NRS/@@download/ENCFF467NRS.bed.gz
GM12878,BHLHE40,Paired,https://www.encodeproject.org/files/ENCFF510KSK/@@download/ENCFF510KSK.bam,https://www.encodeproject.org/files/ENCFF095GMM/@@download/ENCFF095GMM.bed.gz
GM12878,BHLHE40,Paired,https://www.encodeproject.org/files/ENCFF779ZDD/@@download/ENCFF779ZDD.bam,https://www.encodeproject.org/files/ENCFF095GMM/@@download/ENCFF095GMM.bed.gz
GM12878,PAX8,Paired,https://www.encodeproject.org/files/ENCFF827JLT/@@download/ENCFF827JLT.bam,https://www.encodeproject.org/files/ENCFF455YHJ/@@download/ENCFF455YHJ.bed.gz
GM12878,PAX8,Paired,https://www.encodeproject.org/files/ENCFF062BUR/@@download/ENCFF062BUR.bam,https://www.encodeproject.org/files/ENCFF455YHJ/@@download/ENCFF455YHJ.bed.gz
GM12878,MTA2,Paired,https://www.encodeproject.org/files/ENCFF686LHL/@@download/ENCFF686LHL.bam,https://www.encodeproject.org/files/ENCFF966RPL/@@download/ENCFF966RPL.bed.gz
GM12878,MTA2,Paired,https://www.encodeproject.org/files/ENCFF869WVJ/@@download/ENCFF869WVJ.bam,https://www.encodeproject.org/files/ENCFF966RPL/@@download/ENCFF966RPL.bed.gz
GM12878,MEF2B,Paired,https://www.encodeproject.org/files/ENCFF697SUP/@@download/ENCFF697SUP.bam,https://www.encodeproject.org/files/ENCFF911BYP/@@download/ENCFF911BYP.bed.gz
GM12878,MEF2B,Paired,https://www.encodeproject.org/files/ENCFF004TTQ/@@download/ENCFF004TTQ.bam,https://www.encodeproject.org/files/ENCFF911BYP/@@download/ENCFF911BYP.bed.gz
GM12878,EBF1,Single,https://www.encodeproject.org/files/ENCFF522BBQ/@@download/ENCFF522BBQ.bam,https://www.encodeproject.org/files/ENCFF868VSY/@@download/ENCFF868VSY.bed.gz
GM12878,EBF1,Single,https://www.encodeproject.org/files/ENCFF317XPZ/@@download/ENCFF317XPZ.bam,https://www.encodeproject.org/files/ENCFF868VSY/@@download/ENCFF868VSY.bed.gz
GM12878,STAT3,Single,https://www.encodeproject.org/files/ENCFF679KFQ/@@download/ENCFF679KFQ.bam,https://www.encodeproject.org/files/ENCFF014RBU/@@download/ENCFF014RBU.bed.gz
GM12878,STAT3,Single,https://www.encodeproject.org/files/ENCFF981NUX/@@download/ENCFF981NUX.bam,https://www.encodeproject.org/files/ENCFF014RBU/@@download/ENCFF014RBU.bed.gz
GM12878,ZNF274,Single,https://www.encodeproject.org/files/ENCFF950AEP/@@download/ENCFF950AEP.bam,https://www.encodeproject.org/files/ENCFF002CPX/@@download/ENCFF002CPX.bed.gz
GM12878,ZNF274,Single,https://www.encodeproject.org/files/ENCFF221WYC/@@download/ENCFF221WYC.bam,https://www.encodeproject.org/files/ENCFF002CPX/@@download/ENCFF002CPX.bed.gz
GM12878,CBX3,Single,https://www.encodeproject.org/files/ENCFF343BMV/@@download/ENCFF343BMV.bam,https://www.encodeproject.org/files/ENCFF141LEI/@@download/ENCFF141LEI.bed.gz
GM12878,CBX3,Single,https://www.encodeproject.org/files/ENCFF279FXW/@@download/ENCFF279FXW.bam,https://www.encodeproject.org/files/ENCFF141LEI/@@download/ENCFF141LEI.bed.gz
GM12878,PBX3,Single,https://www.encodeproject.org/files/ENCFF304FLU/@@download/ENCFF304FLU.bam,https://www.encodeproject.org/files/ENCFF717IXP/@@download/ENCFF717IXP.bed.gz
GM12878,PBX3,Single,https://www.encodeproject.org/files/ENCFF995SFW/@@download/ENCFF995SFW.bam,https://www.encodeproject.org/files/ENCFF717IXP/@@download/ENCFF717IXP.bed.gz
